<Anims>
 <anim name="anim" root="coolerpack1" numframes="50" framerate="40">
  <frame idx="0" w="141" h="197" x="0.690849" y="-50.398621">
   <element name="swap_body" layername="swap_body" frame="11" z_index="1" m_a="1.000000" m_b="0.000000" m_c="0.000000" m_d="1.000000" m_tx="2.900000" m_ty="-0.399000"/>
  </frame>
  <frame idx="25" w="141" h="197" x="0.690849" y="-50.398621">
   <element name="swap_body" layername="swap_body" frame="11" z_index="1" m_a="1.000000" m_b="0.000000" m_c="0.000000" m_d="1.000000" m_tx="2.900000" m_ty="-0.399000"/>
  </frame>
 </anim>
</Anims>
